Country_Name,Deaths,Confirmed
Afghanistan,7144,153626
Albania,2523,152239
Algeria,5471,198645
Andorra,130,15070
Angola,1299,49114
Antigua and Barbuda,47,1960
Argentina,112851,5211801
Armenia,4939,245765
Australia,3,548
Australia,201,37724
Australia,0,203
Australia,7,1991
Australia,4,888
Australia,13,235
Australia,823,23641
Australia,9,1087
Austria,10812,698948
Azerbaijan,5920,447725
Bahamas,453,19035
Bahrain,1388,273252
Bangladesh,26684,1519805
Barbados,51,5486
Belarus,3859,493818
Belgium,0,158326
Belgium,0,157106
Belgium,0,136992
Belgium,0,94934
Belgium,0,169617
Belgium,0,141502
Belgium,0,67564
Belgium,0,33280
Belgium,0,62424
Belgium,25428,23520
Belgium,0,46153
Belgium,0,107085
Belize,369,17119
Benin,135,16946
Bhutan,3,2596
Bolivia,18514,493115
Bosnia and Herzegovina,9919,218080
Botswana,2309,162186
Brazil,1815,87899
Brazil,6111,236840
Brazil,1959,122547
Brazil,13697,425063
Brazil,26583,1224498
Brazil,24085,933732
Brazil,10156,476789
Brazil,12317,567589
Brazil,22702,829148
Brazil,10073,351398
Brazil,13326,521450
Brazil,9434,370224
Brazil,53323,2081186
Brazil,16512,585515
Brazil,9220,436098
Brazil,37830,1470333
Brazil,19476,610980
Brazil,6963,317558
Brazil,7286,365736
Brazil,34350,1414422
Brazil,63312,1140025
Brazil,6490,263904
Brazil,1957,124441
Brazil,18831,1163834
Brazil,146595,4295149
Brazil,6001,277589
Brazil,3704,220290
Brunei,16,3567
Bulgaria,19270,464715
Burkina Faso,171,13868
Burma,16082,420402
Burundi,38,12585
Cabo Verde,317,36086
Cambodia,1981,96339
Cameroon,1357,84210
Canada,2407,261888
Canada,1842,170750
Canada,1,0
Canada,0,13
Canada,1198,59000
Canada,47,2852
Canada,7,1511
Canada,1,499
Canada,94,6076
Canada,4,658
Canada,9607,578708
Canada,0,235
Canada,11293,393852
Canada,0,13
Canada,613,56838
Canada,8,696
Central African Republic,100,11296
Chad,174,4996
Chile,1236,60685
Chile,1485,97983
Chile,524,26683
Chile,350,27141
Chile,77,8177
Chile,2648,150538
Chile,1006,48425
Chile,1400,88557
Chile,683,49219
Chile,497,29244
Chile,1771,101230
Chile,19024,685881
Chile,638,35831
Chile,1534,68372
Chile,805,41105
Chile,0,50
Chile,3437,122670
China,6,1008
China,9,1118
China,6,603
China,1,797
China,2,199
China,8,3100
China,2,291
China,2,147
China,6,190
China,7,1317
China,13,1616
China,22,1532
China,212,12129
China,4512,68291
China,4,1181
China,1,414
China,0,1591
China,1,937
China,3,574
China,2,448
China,0,63
China,0,77
China,0,18
China,3,670
China,7,926
China,7,2526
China,0,259
China,3,1194
China,3,478
China,0,1
China,0,0
China,3,980
China,2,1162
China,1,1438
Colombia,254,6808
Colombia,15900,738311
Colombia,450,13173
Colombia,9386,315133
Colombia,2942,155177
Colombia,2536,104892
Colombia,2245,99979
Colombia,27379,1444105
Colombia,926,22732
Colombia,913,35377
Colombia,1503,55281
Colombia,2469,88330
Colombia,389,16290
Colombia,3708,103377
Colombia,6781,262742
Colombia,29,2267
Colombia,93,5120
Colombia,3124,87921
Colombia,1328,42120
Colombia,3290,92541
Colombia,2212,87516
Colombia,2981,88944
Colombia,4191,89385
Colombia,661,16137
Colombia,1712,55786
Colombia,2206,87265
Colombia,134,6822
Colombia,7247,224425
Colombia,1612,58804
Colombia,3624,106979
Colombia,296,0
Colombia,12790,403011
Colombia,17,1744
Colombia,50,2916
Comoros,147,4090
Congo (Brazzaville),183,13588
Congo (Kinshasa),1061,55877
Costa Rica,5673,481100
Cote d'Ivoire,483,57159
Croatia,8385,378726
Cuba,5881,704675
Cyprus,518,115475
Czechia,30408,1681091
Denmark,2,1022
Denmark,0,360
Denmark,2594,349891
Diamond Princess,13,712
Djibouti,157,11792
Dominica,5,1998
Dominican Republic,4013,352009
Ecuador,32353,503883
Egypt,16811,290773
El Salvador,2977,96067
Equatorial Guinea,129,9939
Eritrea,40,6651
Estonia,1305,144390
Eswatini,1158,44379
Ethiopia,4804,317572
Fiji,525,48153
Finland,1038,131054
France,223,36035
France,522,40178
France,506,45471
France,499,38616
France,175,19925
France,0,143
France,342,50346
France,1,1593
France,0,31
France,20,3363
France,7,454
France,113385,6702711
Gabon,168,26177
Gambia,328,9789
Georgia,7917,567922
Germany,10519,539357
Germany,15449,688964
Germany,3598,196535
Germany,3828,112746
Germany,500,30298
Germany,1655,87245
Germany,7648,316654
Germany,1194,46906
Germany,5865,284672
Germany,17500,914766
Germany,3938,170539
Germany,1037,45450
Germany,10175,291001
Germany,3498,101439
Germany,1662,72932
Germany,4397,131427
Germany,0,8736
Ghana,1083,122157
Greece,13971,605158
Grenada,13,1613
Guatemala,12388,492570
Guinea,358,29877
Guinea-Bissau,122,5934
Guyana,654,26772
Haiti,588,21094
Holy See,0,27
Honduras,9179,347511
Hungary,30074,813818
Iceland,33,11090
India,129,7573
India,13935,2023242
India,268,53474
India,5719,593087
India,9656,725765
India,815,65124
India,13557,1004724
India,4,10665
India,25083,1438041
India,3210,174560
India,10082,825527
India,9686,770584
India,3618,214911
India,4410,326159
India,5133,347989
India,37441,2956988
India,21820,4253298
India,207,20593
India,51,10348
India,10516,792281
India,137897,6493698
India,1802,115866
India,1335,77275
India,227,66910
India,632,30435
India,8062,1012805
India,1819,124311
India,16447,600877
India,8954,954149
India,376,30330
India,35055,2625778
India,3888,660142
India,803,83414
India,0,0
India,22863,1709479
India,7389,343139
India,18522,1553177
Indonesia,137156,4140634
Iran,111892,5184124
Iraq,21220,1928930
Ireland,5112,359420
Israel,7205,1117596
Italy,2534,79661
Italy,601,29298
Italy,1338,79590
Italy,7797,448450
Italy,13388,415448
Italy,3807,111635
Italy,8554,377307
Italy,4388,110680
Italy,33937,873353
Italy,3052,111551
Italy,495,14355
Italy,1187,75507
Italy,1367,47710
Italy,11727,374123
Italy,6729,265024
Italy,1599,73449
Italy,6484,284277
Italy,7043,274607
Italy,1434,62383
Italy,473,12044
Italy,11704,459050
Jamaica,1646,72824
Japan,1056,94655
Japan,23,1706
Japan,33,4865
Japan,906,93870
Japan,81,4830
Japan,36,2740
Japan,579,69747
Japan,170,9088
Japan,205,16907
Japan,164,15758
Japan,187,20085
Japan,1460,58425
Japan,1349,70905
Japan,197,22147
Japan,124,7485
Japan,50,3271
Japan,34,4501
Japan,55,8599
Japan,1151,157960
Japan,31,3828
Japan,131,13460
Japan,256,32901
Japan,141,13644
Japan,104,15447
Japan,33,5799
Japan,94,8213
Japan,69,5612
Japan,142,14282
Japan,56,7137
Japan,70,7569
Japan,132,14354
Japan,268,45839
Japan,2838,183292
Japan,4,3978
Japan,28,5496
Japan,915,107383
Japan,97,11484
Japan,2,1491
Japan,186,24733
Japan,105,14065
Japan,64,2942
Japan,2577,359260
Japan,5,1552
Japan,44,4617
Japan,0,8
Japan,55,4930
Japan,51,3368
Japan,87,5299
Japan,26,4772
Jordan,10491,803351
Kazakhstan,14423,895764
Kenya,4800,241134
Kiribati,0,2
"Korea, South",2334,265423
Kosovo,2685,153578
Kuwait,2426,410496
Kyrgyzstan,2557,176682
Laos,16,16365
Latvia,2592,144943
Lebanon,8129,609189
Lesotho,403,14395
Liberia,245,5727
Libya,4363,318069
Liechtenstein,59,3343
Lithuania,4623,303692
Luxembourg,832,76358
MS Zaandam,2,9
Madagascar,957,42884
Malawi,2225,60898
Malaysia,18802,1880734
Maldives,227,82264
Mali,542,14949
Malta,445,36553
Marshall Islands,0,4
Mauritania,742,34408
Mauritius,34,12616
Mexico,2643,31880
Mexico,9143,57646
Mexico,2223,54113
Mexico,1758,20856
Mexico,2072,20450
Mexico,7793,63489
Mexico,38013,910820
Mexico,6920,84005
Mexico,1694,27929
Mexico,2830,45202
Mexico,11612,159313
Mexico,5717,70912
Mexico,7094,56478
Mexico,15076,140711
Mexico,41345,343672
Mexico,7053,66617
Mexico,4227,43603
Mexico,2479,30563
Mexico,11582,184615
Mexico,4745,70422
Mexico,13669,110347
Mexico,4998,87610
Mexico,3825,55579
Mexico,6062,92920
Mexico,8135,69027
Mexico,7715,103059
Mexico,4887,119904
Mexico,5999,89502
Mexico,2755,26313
Mexico,0,0
Mexico,12376,108725
Mexico,4958,63939
Mexico,3143,39074
Micronesia,0,1
Moldova,6455,271535
Monaco,33,3253
Mongolia,976,240042
Montenegro,1774,119069
Morocco,13224,889532
Mozambique,1885,148444
Namibia,3414,125772
Nepal,10879,772182
Netherlands,151,14913
Netherlands,17,1863
Netherlands,149,15506
Netherlands,353,38691
Netherlands,250,43306
Netherlands,487,51690
Netherlands,2077,216258
Netherlands,267,49854
Netherlands,1684,129272
Netherlands,3161,309326
Netherlands,2705,337787
Netherlands,1154,127015
Netherlands,57,3888
Netherlands,15,5935
Netherlands,1299,150940
Netherlands,253,33568
Netherlands,4343,465162
New Zealand,0,1
New Zealand,27,3829
Nicaragua,201,12350
Niger,199,5892
Nigeria,2573,196487
North Macedonia,6129,180919
Norway,823,170173
Oman,4081,302815
Pakistan,712,32942
Pakistan,342,32456
Pakistan,179,10084
Pakistan,877,101550
Pakistan,5155,165980
Pakistan,12118,406960
Pakistan,7030,440164
Palau,0,2
Panama,7099,460499
Papua New Guinea,192,18012
Paraguay,15888,458977
Peru,1242,31269
Peru,6615,76120
Peru,1485,25877
Peru,9611,113786
Peru,2085,33200
Peru,4089,65114
Peru,9911,99764
Peru,4712,72430
Peru,1144,16008
Peru,2675,35322
Peru,8293,57965
Peru,6952,84404
Peru,10115,87090
Peru,8565,60801
Peru,88116,940119
Peru,4165,44844
Peru,762,13803
Peru,1500,29387
Peru,1036,15639
Peru,11878,86256
Peru,4066,38994
Peru,2972,48239
Peru,1942,29582
Peru,1554,18422
Peru,3083,32016
Peru,0,0
Philippines,34498,2121308
Poland,75392,2891071
Portugal,17816,1048941
Qatar,604,233928
Romania,34762,1109076
Russia,364,18466
Russia,3722,72129
Russia,323,20880
Russia,409,32767
Russia,1141,83342
Russia,1507,54309
Russia,1218,59163
Russia,1038,50108
Russia,1204,61685
Russia,1798,56941
Russia,522,21159
Russia,2886,87568
Russia,11,1546
Russia,2084,32213
Russia,2299,48962
Russia,287,20097
Russia,4530,100466
Russia,1503,46046
Russia,221,7228
Russia,735,30270
Russia,648,50008
Russia,554,28709
Russia,617,45725
Russia,268,18738
Russia,494,24361
Russia,796,61971
Russia,1173,52898
Russia,716,77309
Russia,995,36191
Russia,1073,71568
Russia,492,54825
Russia,1531,64959
Russia,704,31615
Russia,5465,68669
Russia,5326,107864
Russia,622,30655
Russia,1313,53425
Russia,2421,64433
Russia,1470,48255
Russia,235,10522
Russia,525,18374
Russia,501,26511
Russia,27787,1578005
Russia,7911,427474
Russia,1889,69184
Russia,38,2020
Russia,5994,158821
Russia,446,21365
Russia,397,41317
Russia,2731,59683
Russia,1982,75952
Russia,955,43790
Russia,1638,69519
Russia,2269,65136
Russia,4260,91016
Russia,1070,63892
Russia,701,47512
Russia,6181,127753
Russia,988,39669
Russia,20840,584589
Russia,1080,50060
Russia,241,31264
Russia,3384,93367
Russia,2455,82507
Russia,1549,46458
Russia,2478,77720
Russia,5432,127188
Russia,811,41187
Russia,698,25811
Russia,550,41558
Russia,2780,52113
Russia,1559,61976
Russia,1585,56554
Russia,266,25294
Russia,1661,47933
Russia,2359,76241
Russia,1750,50395
Russia,2399,84161
Russia,1681,63346
Russia,4118,121814
Russia,644,48277
Russia,1062,57117
Russia,1087,64954
Rwanda,1141,90598
Saint Kitts and Nevis,5,1279
Saint Lucia,118,9258
Saint Vincent and the Grenadines,12,2385
Samoa,0,3
San Marino,90,5351
Sao Tome and Principe,38,2697
Saudi Arabia,8591,545505
Senegal,1812,73257
Serbia,7421,788895
Seychelles,103,20281
Sierra Leone,121,6376
Singapore,55,69233
Slovakia,12552,396487
Slovenia,4458,271418
Solomon Islands,0,20
Somalia,1005,17947
South Africa,83899,2829834
South Sudan,120,11534
Spain,10906,791193
Spain,3746,158758
Spain,2057,70549
Spain,928,97211
Spain,7679,504746
Spain,959,92958
Spain,600,45165
Spain,6302,233650
Spain,7234,297031
Spain,15391,900596
Spain,127,7350
Spain,1907,101223
Spain,2587,184389
Spain,820,39159
Spain,15953,881222
Spain,102,10751
Spain,1713,138640
Spain,1230,81834
Spain,4825,256215
Spain,0,0
Sri Lanka,10504,471863
Sudan,2837,37875
Summer Olympics 2020,0,855
Suriname,743,31392
Sweden,130,13149
Sweden,345,27827
Sweden,560,36616
Sweden,53,4513
Sweden,322,42427
Sweden,126,12931
Sweden,557,44681
Sweden,247,25019
Sweden,318,23108
Sweden,274,27103
Sweden,343,33088
Sweden,641,43802
Sweden,1764,162207
Sweden,479,26662
Sweden,4375,269261
Sweden,541,41614
Sweden,217,21200
Sweden,183,24635
Sweden,481,27323
Sweden,355,28794
Sweden,2388,197489
Switzerland,10927,798497
Syria,2049,28814
Taiwan*,837,16047
Tajikistan,125,17405
Tanzania,50,1367
Thailand,13283,1308343
Timor-Leste,85,17888
Togo,200,22832
Trinidad and Tobago,1342,46013
Tunisia,23901,675771
Turkey,58651,6542624
US,119,9063
US,392,34246
US,65,3207
US,74,3661
US,146,8951
US,42,1422
US,76,2925
US,355,18676
US,127,4930
US,49,2620
US,121,5885
US,25,699
US,68,4337
US,60,2068
US,46,1982
US,147,8260
US,154,7949
US,35,1636
US,31,1496
US,150,5935
US,61,2176
US,222,13033
US,136,7834
US,170,4444
US,211,11279
US,236,13341
US,95,6000
US,394,17789
US,66,2571
US,90,5387
US,94,3915
US,40,1156
US,81,2766
US,48,2753
US,322,15285
US,125,8555
US,1670,104955
US,38,1762
US,259,12363
US,100,3887
US,195,20827
US,173,13207
US,55,1633
US,54,2040
US,556,45695
US,74,3082
US,111,4250
US,249,16291
US,1075,65716
US,44,2943
US,639,31331
US,302,18236
US,0,0
US,30,1294
US,63,2868
US,84,4152
US,54,2671
US,51,5680
US,276,33473
US,261,13934
US,35,1199
US,194,11367
US,163,5861
US,487,31248
US,0,0
US,300,9542
US,43,2353
US,33,1485
US,79,3783
US,3,410
US,1,838
US,220,39506
US,23,4514
US,0,0
US,0,265
US,3,761
US,0,368
US,0,186
US,3,426
US,51,9715
US,0,145
US,5,2497
US,30,7315
US,3,1214
US,6,1639
US,5,1635
US,67,14389
US,0,912
US,4,1536
US,3,905
US,2,219
US,5,373
US,3,1011
US,0,54
US,7,882
US,0,382
US,0,0
US,0,128
US,2,113
US,4,452
US,456,12684
US,307,13370
US,342,20199
US,250,8464
US,95,6505
US,14,765
US,84,2748
US,10927,656093
US,860,29050
US,579,18826
US,0,0
US,2532,129321
US,955,64164
US,187,8568
US,0,0
US,595,24287
US,870,39746
US,54,3191
US,39,2828
US,155,5464
US,529,38482
US,103,5711
US,36,1832
US,7,543
US,61,3988
US,42,1876
US,47,2918
US,52,2360
US,83,3256
US,29,1289
US,61,3089
US,41,2867
US,212,19167
US,146,9384
US,112,7827
US,58,2597
US,18,1075
US,26,1720
US,53,2596
US,195,18023
US,46,2437
US,52,1538
US,343,14847
US,45,2672
US,97,8756
US,22,2647
US,102,7084
US,28,2182
US,145,5409
US,53,2233
US,41,3826
US,208,11837
US,51,4077
US,11,755
US,47,2838
US,40,1953
US,55,3577
US,44,1747
US,33,3175
US,161,10942
US,33,2219
US,52,1940
US,39,5606
US,118,7239
US,21,1103
US,34,1035
US,29,1133
US,29,1101
US,68,3195
US,15,1364
US,60,2861
US,32,1497
US,92,4366
US,90,2638
US,137,10939
US,27,1217
US,819,54989
US,50,2799
US,216,17157
US,19,1356
US,20,1163
US,312,20109
US,31,3429
US,58,2386
US,53,4367
US,38,1486
US,0,4906
US,120,5040
US,35,1886
US,419,40951
US,167,12023
US,19,960
US,73,4240
US,1317,110932
US,0,94
US,53,4648
US,218,16588
US,63,3122
US,18,2754
US,891,90971
US,25,3037
US,122,13848
US,1828,119738
US,30,2912
US,78,7546
US,753,30576
US,39,1589
US,1485,128770
US,266,27094
US,78,5548
US,27,6341
US,25477,1421616
US,254,19191
US,242,16365
US,10,858
US,64,6318
US,513,37265
US,8,627
US,5,1461
US,542,46684
US,91,11792
US,85,7748
US,5274,308832
US,337,31595
US,6,1068
US,4749,337921
US,1967,141730
US,65,6825
US,5398,333534
US,3922,340709
US,591,48120
US,1548,89293
US,286,26183
US,600,49859
US,489,39876
US,1807,137177
US,210,18694
US,258,16213
US,0,198
US,41,3443
US,300,42038
US,365,37929
US,1173,77144
US,138,12238
US,74,7143
US,10,692
US,874,57068
US,93,5778
US,0,173
US,1093,91330
US,235,17576
US,55,8865
US,763,67574
US,39,1963
US,775,70298
US,2,1282
US,5,360
US,22,1568
US,241,26976
US,77,5749
US,26,1970
US,7,148
US,4,622
US,27,808
US,6,285
US,18,2239
US,6,264
US,76,3278
US,877,82026
US,1,153
US,257,34907
US,29,7445
US,956,84593
US,17,2173
US,71,6950
US,57,6861
US,3,335
US,7,1733
US,8,1609
US,0,48
US,17,505
US,0,72
US,840,54649
US,3,111
US,14,759
US,47,4788
US,2,927
US,263,32510
US,18,1528
US,5,1134
US,69,4234
US,282,19883
US,1,100
US,30,1355
US,30,2430
US,74,4358
US,96,2959
US,70,2197
US,5,362
US,0,0
US,7,1060
US,13,429
US,4,2862
US,25,1387
US,442,21203
US,7,760
US,20,1065
US,21,2758
US,8,498
US,0,87
US,3,1049
US,3,263
US,9,4363
US,20,2167
US,0,90
US,14,490
US,369,38628
US,18,1022
US,2228,106924
US,2476,91956
US,300,15836
US,377,13941
US,2168,99629
US,456,24985
US,191,10488
US,1,1270
US,198,11718
US,392,21350
US,940,71325
US,559,29801
US,0,242
US,0,49
US,1163,56569
US,285,35631
US,62,5598
US,394,30288
US,58,4895
US,914,73263
US,3079,332684
US,45,2711
US,437,20108
US,463,17728
US,352,30483
US,551,52184
US,170,13643
US,97,6058
US,24,2530
US,1483,154892
US,706,52131
US,114,12928
US,20,2071
US,99,7933
US,44,2705
US,19,1277
US,45,2819
US,25,2515
US,45,5267
US,87,7014
US,482,25198
US,366,13663
US,1832,216734
US,49,3383
US,306,20077
US,158,9185
US,28,2211
US,26,2080
US,663,48074
US,1009,113221
US,332,46121
US,56,6094
US,16,1664
US,45,3147
US,689,58560
US,996,50468
US,335,18054
US,6472,639503
US,52,9859
US,127,14350
US,367,30691
US,89,6470
US,1310,209419
US,529,65941
US,2883,207314
US,802,69324
US,1671,121998
US,1387,114558
US,160,11099
US,291,28626
US,844,50677
US,516,56239
US,221,35826
US,657,42587
US,284,12941
US,140,8310
US,48,4109
US,9351,2961
US,74,2823
US,846,68166
US,56,5608
US,89,11617
US,52,4145
US,79,3130
US,24,1430
US,46,2243
US,12,343
US,152,6064
US,49,2365
US,159,12877
US,266,18271
US,87,2984
US,53,3209
US,510,23061
US,54,2109
US,55,2837
US,55,2218
US,45,5724
US,139,10552
US,68,3408
US,92,4147
US,18,782
US,71,6642
US,71,1441
US,258,14927
US,81,8332
US,43,2043
US,531,34712
US,17,5114
US,78,3838
US,369,39374
US,158,18312
US,3,302
US,582,34579
US,31,1283
US,1201,98518
US,193,7136
US,138,6727
US,228,22169
US,49,3368
US,260,18658
US,26,967
US,96,2783
US,15,1894
US,52,4080
US,1129,81527
US,83,4138
US,112,3238
US,49,1417
US,342,10743
US,253,19937
US,50,1716
US,9,670
US,94,7899
US,76,2804
US,87,3929
US,39,1476
US,84,3241
US,188,11841
US,258,15884
US,220,29119
US,63,3451
US,1540,119784
US,103,4006
US,19,366
US,259,14044
US,146,10181
US,75,3132
US,65,2441
US,1275,118573
US,169,6349
US,525,33331
US,71,1065
US,94,3378
US,69,3331
US,59,3062
US,24,1352
US,373,34137
US,288,21662
US,31,1340
US,168,12946
US,43,1925
US,45,2702
US,70,2408
US,45,1099
US,50,1450
US,65,2977
US,70,3049
US,14,1310
US,193,8097
US,72,4178
US,76,6651
US,28,1061
US,14,1479
US,243,19480
US,86,4149
US,38,1171
US,61,4239
US,28,848
US,57,3107
US,22,1571
US,93,2675
US,14,1112
US,91,2966
US,113,3713
US,25,1326
US,32,2756
US,99,6272
US,530,21391
US,278,14534
US,75,4985
US,35,1882
US,752,38402
US,256,22397
US,76,3708
US,88,4631
US,73,3842
US,52,3364
US,110,7421
US,51,1349
US,66,2938
US,3,226
US,53,2111
US,36,904
US,556,31071
US,195,10077
US,5,526
US,36,1652
US,20,1398
US,227,9006
US,80,3948
US,26,1255
US,111,3596
US,22,653
US,3,158
US,83,3462
US,26,1116
US,61,1974
US,52,1062
US,143,6753
US,140,7767
US,138,4906
US,68,1587
US,37,1144
US,260,10083
US,44,1518
US,49,988
US,9,4378
US,90,3153
US,137,4864
US,99,9761
US,277,13385
US,204,6775
US,20,666
US,98,2912
US,112,5318
US,4,201
US,28,893
US,100,4324
US,273,20404
US,50,1166
US,32,1322
US,28,1379
US,75,2738
US,3,103
US,153,11494
US,63,8395
US,478,48240
US,4,1586
US,77,8333
US,4,2210
US,0,0
US,533,62640
US,5,401
US,127,10185
US,6,492
US,11,894
US,79,5339
US,20,2606
US,4,502
US,50,4075
US,180,16299
US,14,1052
US,1,247
US,0,77
US,351,32664
US,12,799
US,29,3259
US,0,60
US,17,1397
US,3,275
US,23,2794
US,19,1342
US,14,1274
US,46,2231
US,28,1664
US,18,1648
US,33,3328
US,31,3240
US,259,22924
US,18,3713
US,10,641
US,12,572
US,11,566
US,28,7804
US,34,2627
US,66,4952
US,4,411
US,31,1259
US,40,3097
US,9,767
US,44,1563
US,4,1381
US,153,12424
US,0,8
US,6,1121
US,26,1457
US,141,12075
US,11,632
US,24,2353
US,81,7404
US,7,999
US,86,4136
US,2,612
US,37,2178
US,27,2349
US,175,24846
US,78,4550
US,36,2284
US,46,2119
US,96,6621
US,106,6857
US,10816,599101
US,28,2816
US,21,1620
US,30,1850
US,124,11195
US,36,2910
US,1345,101096
US,43,2155
US,13,889
US,78,5452
US,56,3666
US,54,2266
US,87,6326
US,65,4598
US,4,686
US,36,1899
US,80,6732
US,18,1177
US,34,2386
US,12,539
US,14,599
US,71,5808
US,70,3754
US,74,7150
US,18,1401
US,129,5686
US,52,3123
US,24,1971
US,21,1988
US,831,64255
US,228,15965
US,103,14841
US,160,6284
US,267,13959
US,1046,74910
US,29,2801
US,56,4441
US,94,5411
US,68,4629
US,224,13492
US,93,5970
US,559,36639
US,133,6110
US,21,1288
US,49,1891
US,42,1815
US,53,3440
US,308,32028
US,201,20944
US,12,1490
US,34,1779
US,96,4928
US,75,4410
US,95,4670
US,29,1961
US,84,6810
US,0,3
US,355,25200
US,69,3964
US,14,1829
US,55,2426
US,5,434
US,11,944
US,4,526
US,92,5043
US,49,2348
US,335,17128
US,61,3647
US,255,23351
US,7,921
US,3,674
US,41,2783
US,551,34033
US,26,739
US,87,5220
US,321,19134
US,2432,97
US,42,2859
US,167,12325
US,13,1852
US,51,2084
US,27,1986
US,55,2471
US,28,2379
US,176,7601
US,1072,84759
US,143,10559
US,535,37653
US,88,5388
US,63,4201
US,728,50459
US,161,9802
US,15,1341
US,34,1566
US,108,7988
US,45,1269
US,25,2313
US,117,6823
US,212,16398
US,53,3559
US,62,5102
US,18,1364
US,102,3758
US,89,5342
US,85,7020
US,95,3583
US,206,12969
US,120,7234
US,479,31927
US,68,3447
US,194,9702
US,53,2877
US,35,2134
US,48,2502
US,102,5778
US,191,8437
US,86,3550
US,434,41855
US,154,10159
US,80,5611
US,332,20923
US,121,7052
US,251,12988
US,88,5681
US,79,6157
US,60,4461
US,34,2397
US,90,4337
US,52,3204
US,406,22355
US,97,5174
US,131,10745
US,73,2993
US,230,13604
US,1064,61099
US,141,6524
US,366,16250
US,1902,120999
US,123,6960
US,15,1168
US,79,4962
US,187,13838
US,97,5403
US,154,8316
US,41,1334
US,98,6962
US,11,726
US,57,2614
US,61,2664
US,18,2011
US,46,2351
US,35,1855
US,335,20886
US,38,3410
US,50,1466
US,66,5003
US,85,2851
US,72,4154
US,27,2067
US,61,3683
US,100,6039
US,33,3001
US,581,40251
US,60,2581
US,64,4659
US,47,2818
US,9,1133
US,238,25913
US,51,1998
US,451,0
US,10,868
US,423,28529
US,48,2151
US,266,14874
US,87,4548
US,16,1058
US,168,9993
US,43,3095
US,207,8996
US,82,3597
US,56,3741
US,48,4921
US,32,927
US,4,373
US,52,1666
US,49,1391
US,14,566
US,56,2899
US,330,18512
US,36,2936
US,65,3131
US,35,2218
US,40,4591
US,36,1847
US,13,1552
US,53,3043
US,56,1496
US,24,2095
US,100,5996
US,39,1714
US,18,1336
US,24,1159
US,27,2284
US,58,1839
US,95,5961
US,43,3077
US,102,12293
US,25,977
US,10,708
US,43,2277
US,80,5507
US,46,2605
US,217,14164
US,41,1426
US,44,2089
US,42,1784
US,23,1424
US,10,700
US,11,884
US,34,1502
US,32,1320
US,52,2031
US,35,1619
US,46,2125
US,75,1924
US,39,3273
US,22,1106
US,26,1391
US,37,1015
US,24,1656
US,43,2365
US,75,4882
US,37,1566
US,89,15885
US,58,3184
US,32,1083
US,68,2375
US,69,4752
US,349,23994
US,49,1450
US,23,853
US,41,1685
US,19,1849
US,52,2571
US,81,4168
US,79,5370
US,24,1780
US,43,1359
US,32,916
US,33,1072
US,38,1123
US,107,5344
US,61,2077
US,17,822
US,23,2129
US,24,1217
US,82,4216
US,23,912
US,659,63926
US,180,12473
US,36,1708
US,26,611
US,20,1394
US,254,22060
US,39,1428
US,74,5332
US,48,11512
US,73,2261
US,12,709
US,0,8
US,37,1358
US,18,660
US,127,4750
US,92,6441
US,53,2859
US,23,616
US,102,6016
US,31,1575
US,37,2086
US,232,16215
US,8,893
US,40,2091
US,23,1587
US,20,971
US,23,2035
US,7,417
US,51,2991
US,36,2162
US,39,1424
US,104,9180
US,3,303
US,7,363
US,70,3343
US,13,388
US,7,287
US,31,988
US,25,1152
US,24,903
US,11,198
US,117,4725
US,99,6300
US,12,300
US,51,2329
US,26,1281
US,90,11002
US,12,288
US,5,221
US,74,4097
US,25,1283
US,77,6737
US,84,6529
US,50,3212
US,48,4318
US,21,402
US,10,286
US,22,1062
US,14,691
US,1,123
US,11,840
US,1,230
US,19,692
US,74,4243
US,8,479
US,10,224
US,18,1764
US,42,2160
US,6,233
US,837,70526
US,10,649
US,17,919
US,4,276
US,56,3346
US,7,143
US,110,9234
US,5,288
US,11,1184
US,7,325
US,89,4864
US,24,1265
US,28,1327
US,89,3780
US,13,561
US,49,3519
US,18,623
US,95,4670
US,23,704
US,8,292
US,56,1717
US,43,2299
US,16,416
US,28,1300
US,29,1652
US,12,326
US,14,641
US,0,0
US,14,1215
US,25,747
US,36,2537
US,26,1026
US,7,339
US,145,9740
US,13,750
US,13,1211
US,57,7513
US,11,701
US,15,465
US,29,938
US,157,7381
US,25,655
US,858,68486
US,43,4182
US,404,22437
US,14,454
US,13,738
US,3,295
US,13,404
US,6,236
US,11,665
US,55,2640
US,21,1218
US,8,439
US,0,0
US,16,841
US,4,202
US,14,629
US,5,243
US,26,1276
US,8,298
US,321,25627
US,59,2530
US,48,3064
US,28,2397
US,12,554
US,109,6283
US,24,1317
US,68,4763
US,162,17012
US,21,2487
US,85,6731
US,80,4494
US,8,850
US,13,1558
US,20,2183
US,96,9866
US,28,1889
US,34,1827
US,56,4550
US,84,10380
US,10,566
US,21,1488
US,45,3681
US,42,2171
US,113,8328
US,32,4123
US,50,4493
US,32,1637
US,27,880
US,13,876
US,218,14354
US,26,1204
US,2,1168
US,12,1698
US,338,44346
US,26,1751
US,85,5505
US,65,5645
US,16,640
US,35,979
US,37,2066
US,25,3208
US,109,6201
US,61,3401
US,17,1723
US,65,4980
US,15,1159
US,194,14418
US,100,3910
US,28,2435
US,56,2826
US,88,6869
US,21,2044
US,16,475
US,164,6514
US,40,2058
US,1425,101075
US,79,6320
US,39,2935
US,220,19708
US,26,1769
US,49,5413
US,30,2050
US,87,11209
US,32,2027
US,27,1527
US,10,1595
US,52,2867
US,48,1901
US,69,3280
US,27,1115
US,77,4219
US,23,1760
US,119,12389
US,18,1621
US,40,3191
US,70,4331
US,22,1413
US,44,2144
US,142,8772
US,35,2557
US,31,1196
US,30,2778
US,17,693
US,57,3542
US,32,1489
US,49,1764
US,36,3794
US,5,2570
US,79,4512
US,70,6798
US,10,825
US,61,3469
US,86,9090
US,14,1104
US,16,741
US,5,1476
US,72,4524
US,133,8557
US,15,1877
US,138,8567
US,15,278
US,25,2368
US,22,2839
US,49,2662
US,37,6605
US,88,5990
US,46,2615
US,26,2349
US,60,4331
US,28,1437
US,16,1571
US,9,1011
US,0,9
US,21,2155
US,201,21451
US,42,1999
US,50,2541
US,28,2055
US,66,6364
US,8,884
US,23,2845
US,229,9691
US,97,4314
US,216,20454
US,50,3400
US,149,6550
US,100,5258
US,87,2259
US,353,19952
US,857,36342
US,519,31201
US,32,1660
US,7,807
US,44,1630
US,58,1888
US,67,2882
US,99,4369
US,1041,59876
US,28,1445
US,131,4321
US,111,5307
US,126,3916
US,69,3479
US,199,11700
US,118,5566
US,58,2551
US,1044,66454
US,112,4279
US,41,2468
US,363,36023
US,261,16673
US,105,6316
US,313,22875
US,49,2022
US,94,4149
US,112,5815
US,915,44196
US,515,28019
US,0,0
US,34,3636
US,80,3605
US,400,19434
US,42,1236
US,71,3836
US,67,4036
US,80,6509
US,115,8451
US,12,1242
US,61,3239
US,153,5973
US,309,12874
US,141,7838
US,192,7988
US,636,40740
US,434,21399
US,8,458
US,273,18217
US,0,512
US,92,3550
US,158,9372
US,134,5123
US,183,7391
US,131,5922
US,69,4198
US,44,1727
US,39,1412
US,52,2407
US,89,8915
US,60,2587
US,212,18640
US,17,1548
US,41,1723
US,86,7284
US,7,1376
US,3,1251
US,0,0
US,71,3936
US,114,8003
US,7,813
US,12,1595
US,36,2727
US,0,5
US,23,1622
US,19,1090
US,143,14956
US,218,7894
US,691,48005
US,1721,70674
US,1284,56652
US,90,4759
US,34,2583
US,264,10348
US,162,7288
US,225,12772
US,68,3417
US,351,21883
US,69,2336
US,312,18296
US,265,20932
US,51,1480
US,1654,76933
US,1634,92993
US,59,3322
US,44,2834
US,138,7364
US,49,2393
US,67,0
US,348,16205
US,187,9161
US,109,4332
US,488,15880
US,304,7580
US,1785,72976
US,6,3595
US,2438,104098
US,115,2873
US,1564,58352
US,307,10046
US,3821,146251
US,1823,59529
US,1474,53701
US,1872,100282
US,6,52063
US,2295,84041
US,37,839
US,7,579
US,167,12238
US,66,2523
US,33,1805
US,31,1308
US,41,905
US,74,6489
US,365,11938
US,38,1373
US,304,16734
US,102,5626
US,327,15759
US,80,5976
US,27,1941
US,52,2121
US,34,2750
US,89,2729
US,97,8244
US,14,1076
US,95,4589
US,75,3025
US,214,11064
US,45,2639
US,5,320
US,1008,44813
US,62,2509
US,53,1547
US,104,7172
US,123,4357
US,100,4882
US,45,3330
US,86,4324
US,412,26806
US,82,6853
US,78,2229
US,53,1169
US,102,6793
US,305,17391
US,418,25509
US,31,1280
US,894,79359
US,2,189
US,17,722
US,215,9879
US,21,1377
US,176,10316
US,206,18670
US,5,514
US,4,843
US,2544,106828
US,26,1389
US,66,5422
US,39,2458
US,39,3476
US,44,2458
US,155,26825
US,103,8226
US,29,1580
US,277,16639
US,119,6548
US,21,697
US,380,17595
US,71,5198
US,2525,128466
US,62,2925
US,45,1939
US,22,536
US,31,2113
US,31,734
US,42,2573
US,453,35582
US,17,2016
US,35,1130
US,57,2012
US,638,23054
US,127,4418
US,5,509
US,113,7104
US,465,19454
US,104,6838
US,179,6054
US,0,33
US,144,7739
US,308,28871
US,5317,177996
US,50,3013
US,38,1503
US,473,46461
US,58,4112
US,69,4687
US,98,6186
US,4,646
US,47,8282
US,42,3331
US,59,3779
US,51,11647
US,34,3196
US,39,1656
US,56,6808
US,92,8740
US,18,968
US,0,199
US,24,1740
US,100,7457
US,489,50485
US,3,2273
US,83,5146
US,22,1699
US,10,1803
US,37,4049
US,76,5327
US,8,632
US,1843,136379
US,16,1941
US,41,2162
US,70,4751
US,70,4964
US,12,1325
US,29,1589
US,88,7245
US,22,513
US,19,1039
US,22,814
US,21,888
US,4,372
US,29,3265
US,4,614
US,54,3817
US,9,628
US,18,981
US,33,2513
US,61,4746
US,46,2927
US,59,3421
US,62,4525
US,34,5319
US,10,1124
US,47,3583
US,50,4364
US,9,604
US,108,15162
US,89,6409
US,20,1806
US,23,3630
US,26,1211
US,75,4150
US,8,1255
US,932,56935
US,7,452
US,41,1900
US,46,1936
US,116,8818
US,19,1361
US,21,2241
US,141,18942
US,99,12993
US,10,1665
US,328,19432
US,234,24075
US,21,4659
US,11,994
US,19,1154
US,34,3089
US,5,407
US,93,496
US,4,2304
US,23,1741
US,23,2739
US,306,29690
US,10,1469
US,14,879
US,52,5272
US,159,17791
US,20,1210
US,109,4101
US,81,4820
US,49,1850
US,82,3108
US,27,1329
US,140,5798
US,37,2480
US,35,1540
US,62,2692
US,24,1184
US,33,1224
US,84,2625
US,67,2740
US,93,3750
US,79,4022
US,89,3939
US,318,28440
US,212,12584
US,26,1106
US,64,4262
US,41,1951
US,96,3367
US,99,6794
US,430,30728
US,545,29947
US,82,2510
US,35,1185
US,6,186
US,89,4163
US,314,21996
US,58,3009
US,32,847
US,40,1589
US,205,12570
US,36,1321
US,131,7732
US,115,9728
US,283,10943
US,30,1961
US,80,3793
US,203,13850
US,137,4294
US,123,5037
US,165,9738
US,259,13625
US,95,3862
US,115,5671
US,155,6071
US,48,1629
US,192,6181
US,68,3453
US,37,1675
US,114,6529
US,115,5835
US,187,8282
US,48,1872
US,125,5158
US,88,5712
US,71,4138
US,21,988
US,339,20547
US,87,4257
US,20,599
US,106,4081
US,44,2331
US,49,3305
US,102,3978
US,46,2099
US,93,4030
US,78,4158
US,83,3073
US,32,1423
US,0,0
US,85,5442
US,54,1955
US,150,6178
US,143,6492
US,60,4045
US,38,1823
US,34,968
US,89,2919
US,46,2094
US,83,4037
US,27,3145
US,23,2530
US,6,578
US,60,3455
US,56,3952
US,19,1622
US,37,1955
US,40,2286
US,15,1387
US,118,22833
US,172,12704
US,60,5682
US,18,1054
US,60,6792
US,114,5731
US,145,10790
US,25,1283
US,12,930
US,133,12618
US,25,1572
US,8,942
US,143,12167
US,12,909
US,186,13134
US,71,2535
US,153,12140
US,31,2464
US,45,3254
US,17,820
US,38,2126
US,12,933
US,33,1349
US,28,1653
US,38,1489
US,55,3801
US,194,12733
US,47,1975
US,23,1119
US,622,40962
US,41,1422
US,15,1029
US,43,2876
US,17,960
US,16,579
US,10,1274
US,65,5272
US,10,1176
US,571,50870
US,308,21207
US,279,28257
US,64,6263
US,704,57815
US,3,468
US,119,4993
US,63,4196
US,97,4865
US,21,1468
US,55,7891
US,23,1750
US,58,2449
US,19,1987
US,18,2051
US,15,891
US,58,4785
US,38,3270
US,2,385
US,68,3638
US,31,1879
US,36,2387
US,12,1206
US,17,1355
US,53,2387
US,49,2780
US,108,7343
US,31,3143
US,7,1199
US,19,2009
US,25,998
US,39,1871
US,32,2678
US,88,6667
US,165,5652
US,31,2284
US,54,5410
US,48,4856
US,65,4693
US,6,555
US,14,1411
US,34,3289
US,39,2580
US,3,518
US,19,1489
US,43,3570
US,7,393
US,4,313
US,94,6136
US,15,877
US,7,807
US,511,51151
US,9,1117
US,128,10757
US,2404,118910
US,572,29392
US,20,2149
US,56,3648
US,62,3658
US,14,1095
US,132,8522
US,34,2771
US,0,0
US,54,2743
US,33,4219
US,56,3484
US,17,1328
US,82,5291
US,2,204
US,43,2365
US,13,1006
US,77,2715
US,24,923
US,8,604
US,19,1017
US,5,159
US,197,11393
US,7,543
US,18,1350
US,8,204
US,32,1231
US,22,1300
US,3,376
US,31,1295
US,127,15077
US,64,16251
US,3,102
US,45,1682
US,2,61
US,2,263
US,47,2362
US,9,1227
US,1,107
US,43,2536
US,96,8058
US,1,158
US,34,2193
US,8,897
US,2,206
US,7,171
US,9,434
US,111,11297
US,14,412
US,24,1692
US,1,14
US,17,578
US,3,567
US,8,179
US,13,1079
US,2,146
US,52,3694
US,18,1375
US,56,1762
US,50,1329
US,16,807
US,5,446
US,90,4536
US,16,843
US,7,432
US,6,602
US,11,820
US,1,58
US,0,0
US,18,963
US,9,201
US,6,131
US,296,20841
US,46,2993
US,7,536
US,1,22
US,0,36
US,0,21
US,4,584
US,8,944
US,3,176
US,2,220
US,57,5521
US,12,671
US,11,850
US,16,2676
US,11,776
US,5,463
US,7,301
US,16,938
US,11,706
US,21,1593
US,15,1056
US,19,852
US,65,3939
US,12,749
US,31,2888
US,1,107
US,9,611
US,62,4964
US,718,71755
US,4,185
US,8,507
US,4,242
US,1,193
US,5,508
US,19,2188
US,1,113
US,1,153
US,5,187
US,4,41
US,1,214
US,117,7863
US,17,967
US,0,219
US,0,61
US,5,255
US,16,865
US,2,54
US,10,559
US,1,669
US,9,641
US,5,690
US,10,723
US,0,54
US,1,423
US,12,888
US,170,31468
US,60,3874
US,0,82
US,0,42
US,44,4303
US,1,29
US,15,787
US,7,513
US,10,414
US,15,696
US,11,434
US,10,1473
US,1,234
US,11,294
US,10,1001
US,20,642
US,50,4152
US,9,585
US,15,1214
US,19,738
US,2,102
US,2,2044
US,131,22854
US,16,2534
US,48,4193
US,32,1761
US,10,530
US,4,212
US,0,39
US,11,372
US,4,495
US,1,53
US,11,848
US,118,27873
US,2,327
US,25,2198
US,7,1090
US,7,391
US,0,39
US,11,1768
US,135,7640
US,53,2647
US,5278,308228
US,42,3913
US,69,5930
US,0,43
US,0,78
US,16,1459
US,10,532
US,3,436
US,77,4788
US,8,429
US,122,3803
US,21,1014
US,4,146
US,0,0
US,757,55902
US,9,800
US,107,4843
US,16,2885
US,42,4469
US,46,2308
US,30,4676
US,657,39373
US,121,10709
US,279,26765
US,102,11075
US,29,2140
US,1,473
US,711,35010
US,2922,112265
US,906,49175
US,1369,61195
US,220,10970
US,449,18677
US,3091,100911
US,669,33862
US,2350,93270
US,180,10869
US,976,36641
US,2392,99220
US,1669,84599
US,1257,54023
US,2233,84370
US,1968,77381
US,194,6783
US,856,32592
US,312,15194
US,0,823
US,2011,76120
US,243,10843
US,1014,67462
US,6,132
US,178,11073
US,130,3118
US,46,993
US,92,6570
US,3,212
US,507,27379
US,167,9477
US,45,1932
US,15,549
US,2,14
US,10,519
US,213,11772
US,22,2365
US,8,630
US,92,3662
US,488,13358
US,8,229
US,92,5015
US,12,778
US,82,4273
US,63,2455
US,519,17402
US,17,2065
US,248,13977
US,157,11839
US,52,893
US,62,1512
US,56,2086
US,16,1111
US,0,4786
US,10,283
US,130,7968
US,366,27355
US,90,3790
US,6659,197900
US,374,20560
US,94,6321
US,98,7378
US,152,10016
US,141,8461
US,84,3985
US,33,5204
US,107,4429
US,65,4486
US,39,2756
US,473,32529
US,1859,95853
US,27,1824
US,13,3090
US,95,5001
US,125,5796
US,82,3761
US,3,382
US,111,5705
US,70,6872
US,10657,309602
US,36,3019
US,62,4945
US,91,5090
US,1141,75370
US,131,4787
US,3229,200945
US,4586,156339
US,379,21366
US,524,24556
US,690,43420
US,95,8118
US,875,52862
US,83,3402
US,97,8819
US,49,3924
US,281,0
US,95,11497
US,10096,299276
US,154,12667
US,1892,83364
US,765,49679
US,180,17650
US,211,14703
US,19,1951
US,15,1184
US,58,2281
US,105,7956
US,151,7747
US,3479,220096
US,79,7480
US,65,4178
US,56,5471
US,267,15633
US,24,105
US,74,4336
US,58,3572
US,75,6476
US,2317,138299
US,54,3750
US,26,1293
US,299,22485
US,97,5507
US,5,1319
US,62,3217
US,45,2858
US,23,2377
US,108,5796
US,46,2147
US,82,4914
US,186,13460
US,351,23001
US,164,12981
US,283,28532
US,111,11339
US,7,828
US,58,6791
US,31,2634
US,335,24272
US,91,6017
US,50,3841
US,37,1865
US,21,1270
US,252,15107
US,187,9036
US,134,11786
US,396,38637
US,19,2089
US,10,3184
US,226,21758
US,53,5264
US,154,8484
US,244,30929
US,115,6701
US,466,44568
US,55,8425
US,482,33569
US,14,873
US,19,1042
US,92,6972
US,50,2948
US,778,57863
US,121,6794
US,202,15537
US,110,5912
US,168,12941
US,65,2439
US,63,6263
US,9,752
US,259,24316
US,62,4632
US,261,28425
US,29,1082
US,91,8023
US,134,7900
US,89,12643
US,45,3972
US,45,2180
US,53,3041
US,66,6940
US,1067,139478
US,16,1738
US,100,3965
US,218,11619
US,204,13352
US,207,25201
US,62,2193
US,192,23223
US,102,10301
US,14,1353
US,92,4053
US,80,7513
US,11,1265
US,77,4259
US,122,25401
US,36,1901
US,264,18165
US,120,6188
US,332,22443
US,190,9822
US,347,23017
US,254,9334
US,120,9977
US,97,4902
US,152,9835
US,83,5155
US,191,10277
US,21,1560
US,36,3240
US,6,464
US,0,0
US,260,30943
US,92,5670
US,774,113502
US,20,2029
US,33,1354
US,34,5754
US,271,13728
US,141,8967
US,197,11517
US,58,5123
US,28,2322
US,3,301
US,32,1483
US,20,1167
US,0,59
US,20,781
US,5,447
US,3,262
US,202,17603
US,218,26735
US,5,469
US,33,836
US,2,206
US,7,485
US,6,484
US,14,488
US,19,608
US,4,293
US,80,11324
US,7,230
US,2,337
US,4,360
US,10,303
US,17,567
US,10,280
US,23,709
US,7,368
US,15,1774
US,32,1424
US,11,1253
US,102,5795
US,19,1567
US,15,503
US,3,165
US,11,906
US,26,603
US,31,1810
US,17,727
US,14,346
US,19,2158
US,28,2280
US,7,520
US,2,128
US,13,704
US,0,32
US,52,5637
US,2,203
US,82,3739
US,11,348
US,18,1123
US,32,0
US,27,2033
US,204,10965
US,8,477
US,42,5558
US,2,248
US,62,3120
US,252,13128
US,107,5300
US,184,7754
US,61,6229
US,87,5519
US,181,7284
US,65,4903
US,642,44349
US,49,2353
US,61,4003
US,319,16311
US,271,23609
US,72,4784
US,236,10499
US,63,3157
US,112,4857
US,2299,127496
US,133,5995
US,100,5047
US,140,21004
US,169,9052
US,215,18884
US,51,3331
US,1524,143212
US,81,4851
US,54,3060
US,155,7717
US,264,18755
US,55,4060
US,1296,91634
US,139,7720
US,66,3172
US,38,1312
US,68,3017
US,72,4740
US,65,2584
US,103,3024
US,124,6650
US,58,3731
US,166,6625
US,120,5825
US,405,23411
US,111,7505
US,233,18952
US,80,4675
US,521,29089
US,849,47711
US,66,5031
US,626,24945
US,141,9888
US,281,18278
US,42,1800
US,86,5275
US,238,12658
US,47,1634
US,1103,61830
US,25,1356
US,47,3368
US,144,10729
US,40,1507
US,83,4100
US,42,2143
US,50,3676
US,126,9786
US,38,3299
US,223,14931
US,109,4536
US,105,4623
US,225,14400
US,170,8416
US,132,6249
US,120,8855
US,135,5854
US,98,5361
US,955,37986
US,1037,53261
US,500,18435
US,261,9788
US,5,0
US,49,6689
US,68,2857
US,17,1190
US,322,28104
US,111,6189
US,231,10779
US,81,4109
US,206,14542
US,57,2561
US,52,4310
US,7,1223
US,28,2364
US,6,495
US,58,3064
US,22,1233
US,84,7467
US,99,4525
US,201,20204
US,137,7767
US,85,7545
US,30,2152
US,2,281
US,472,37129
US,17,892
US,213,17645
US,16,792
US,23,2644
US,186,9158
US,106,4471
US,111,6273
US,14,610
US,6,387
US,144,8610
US,83,4236
US,134,7022
US,7,619
US,22,632
US,6,344
US,8,435
US,20,1630
US,30,1464
US,57,3416
US,18,797
US,40,1719
US,136,6098
US,43,2340
US,28,948
US,13,1170
US,71,6938
US,80,4067
US,72,5121
US,26,1802
US,24,1077
US,25,2478
US,81,5709
US,77,6537
US,97,4777
US,64,2446
US,47,2344
US,202,11480
US,24,1629
US,22,1495
US,32,2102
US,1379,103199
US,92,4968
US,95,5930
US,85,5371
US,0,0
US,55,2307
US,79,10420
US,82,5705
US,83,5920
US,138,9899
US,28,1465
US,12,432
US,214,13647
US,83,3352
US,64,5702
US,109,5877
US,35,3705
US,18,882
US,1273,93253
US,0,20943
US,147,10671
US,142,7142
US,23,1262
US,19,1437
US,38,3321
US,19,1489
US,23,4264
US,259,24848
US,21,1940
US,37,2975
US,57,3573
US,32,1889
US,16,1547
US,94,14959
US,154,9611
US,4,124
US,8,680
US,13,662
US,35,1533
US,220,19402
US,45,2963
US,129,7629
US,86,5932
US,8,535
US,221,21979
US,27,2514
US,83,9155
US,67,4298
US,364,30304
US,20,1606
US,633,48867
US,64,5671
US,2,120
US,17,1619
US,118,11885
US,0,0
US,34,2436
US,6,464
US,37,2180
US,267,32991
US,1,61
US,91,6683
US,192,10834
US,2084,111918
US,151,6566
US,408,17319
US,145,5107
US,1056,51737
US,346,14294
US,100,6420
US,1349,65813
US,433,19662
US,451,15722
US,10,344
US,178,6972
US,232,18032
US,839,44583
US,100,3478
US,166,9393
US,69,3968
US,138,6422
US,164,8276
US,547,22877
US,578,28979
US,1442,56601
US,43,3125
US,434,23142
US,336,14352
US,21,1470
US,383,17272
US,20,1581
US,44,3689
US,139,5578
US,185,7044
US,100,3652
US,91,2358
US,491,19784
US,1197,60700
US,231,8680
US,305,17528
US,883,43391
US,846,34548
US,306,12924
US,76,4023
US,274,10694
US,183,5741
US,332,16526
US,1760,76751
US,67,2121
US,735,39457
US,372,10473
US,102,4250
US,3840,167965
US,55,4459
US,27,1331
US,421,15899
US,87,3915
US,220,8655
US,22,481
US,62,2896
US,114,3409
US,0,0
US,91,6417
US,107,4537
US,110,2902
US,321,19888
US,84,4612
US,804,37406
US,54,2189
US,855,51588
US,0,559
US,0,2131
US,0,2550
US,0,1409
US,0,829
US,0,1191
US,0,3710
US,0,371
US,0,962
US,0,1398
US,0,12710
US,0,1481
US,0,7569
US,0,1475
US,0,2498
US,0,10722
US,0,1540
US,0,1532
US,0,507
US,0,875
US,0,1598
US,0,1068
US,0,853
US,0,1833
US,0,43
US,0,2635
US,0,1606
US,0,664
US,0,317
US,0,1037
US,0,460
US,0,5477
US,0,2582
US,0,1524
US,0,566
US,0,2464
US,0,2151
US,0,403
US,0,1396
US,0,2595
US,0,592
US,0,1000
US,0,324
US,0,1884
US,0,1501
US,0,997
US,0,1766
US,0,131
US,0,424
US,0,3154
US,0,2063
US,0,1654
US,0,1254
US,0,1820
US,0,972
US,0,432
US,0,401
US,0,668
US,0,4438
US,0,1179
US,0,766
US,0,2700
US,0,582
US,0,922
US,0,879
US,0,23363
US,0,2027
US,0,1766
US,0,567
US,0,4688
US,0,4897
US,0,3701
US,2928,3498
US,0,1082
US,0,2319
US,0,3705
US,0,173
US,0,865
US,0,1297
US,0,975
US,0,0
US,147,5470
US,371,20174
US,32,7732
US,2029,105102
US,18,15061
US,181,11109
US,43,3172
US,268,23498
US,16,1231
US,567,30427
US,59,1908
US,66,3348
US,249,24200
US,235,26576
US,45,1607
US,581,58112
US,176,8091
US,89,5391
US,121,6095
US,125,4383
US,155,5097
US,195,10351
US,93,5426
US,268,28517
US,48,3836
US,87,2973
US,456,23387
US,155,8448
US,1125,90991
US,177,9973
US,64,2760
US,697,53814
US,60,3524
US,164,10206
US,188,13630
US,176,9206
US,67,2254
US,581,47098
US,116,4599
US,67,4216
US,28,1211
US,121,6484
US,156,12861
US,276,12637
US,337,23842
US,648,60327
US,49,2178
US,910,52174
US,241,13924
US,0,0
US,84,3682
US,114,5004
US,429,40516
US,15,494
US,42,3039
US,9,416
US,29,1576
US,37,4550
US,95,5868
US,11,742
US,14,432
US,24,1416
US,4,145
US,23,1522
US,5,471
US,15,2009
US,83,4843
US,12,583
US,14,1048
US,68,3401
US,30,737
US,10,602
US,30,1600
US,9,478
US,14,527
US,17,740
US,14,377
US,42,1139
US,30,600
US,11,293
US,39,834
US,6,368
US,4,410
US,1,122
US,43,2647
US,29,951
US,1,145
US,15,324
US,16,288
US,0,109
US,18,845
US,20,1443
US,50,3598
US,78,9223
US,11,683
US,6,392
US,25,836
US,4,262
US,33,3591
US,2,277
US,10,317
US,369,33566
US,20,707
US,51,2181
US,212,16438
US,14,371
US,4,401
US,43,1442
US,3,356
US,26,901
US,2,372
US,3,148
US,33,1328
US,17,791
US,59,1249
US,0,0
US,43,2358
US,15,799
US,34,3236
US,9,351
US,185,10960
US,136,7985
US,44,2229
US,13,2992
US,216,20029
US,162,19375
US,67,5304
US,34,2385
US,91,4797
US,187,8873
US,58,6013
US,57,3006
US,80,4262
US,31,1267
US,104,6094
US,130,8940
US,54,3030
US,154,9298
US,1022,108017
US,59,3670
US,40,2110
US,136,8883
US,118,7275
US,90,6534
US,50,3022
US,94,6863
US,164,9403
US,103,5020
US,52,3578
US,184,10905
US,36,2299
US,182,11441
US,566,56336
US,15,932
US,70,4581
US,71,4828
US,134,8323
US,66,3412
US,82,4763
US,76,4774
US,52,4010
US,36,1555
US,36,2567
US,37,1748
US,132,8420
US,41,2970
US,725,65813
US,31,1871
US,49,4641
US,105,7991
US,29,2277
US,73,5734
US,77,7767
US,80,4726
US,273,15651
US,51,4916
US,69,5971
US,188,17125
US,112,8908
US,60,3927
US,24,1864
US,104,8257
US,245,27711
US,19,1251
US,41,3165
US,101,5749
US,108,25661
US,64,3985
US,31,1366
US,24,912
US,25,2719
US,188,14365
US,84,5892
US,125,8429
US,158,12364
US,475,54545
US,51,3984
US,30,2503
US,200,17120
US,1909,129948
US,41,3615
US,28,1748
US,353,22410
US,382,30827
US,112,10039
US,22,2861
US,101,19143
US,56,2664
US,36,2446
US,24,1021
US,92,7203
US,273,18733
US,37,3609
US,73,5302
US,78,4689
US,246,35375
US,285,24052
US,139,6881
US,49,2280
US,320,11621
US,52,2116
US,13,982
US,7,240
US,165,7541
US,45,2883
US,21,911
US,37,1946
US,129,12836
US,13,447
US,89,4823
US,551,33029
US,4189,293988
US,23,1040
US,2,33
US,43,2167
US,250,10723
US,649,53003
US,300,31853
US,19,996
US,7,200
US,41,1049
US,145,5860
US,51,2915
US,85,6603
US,115,7453
US,27,3398
US,47,1478
US,1792,60138
US,49,1812
US,17,683
US,106,3573
US,33,1161
US,41,7340
US,160,5862
US,18,1419
US,19,1232
US,15,378
US,13,601
US,41,910
US,921,114760
US,9,351
US,38,2274
US,378,16192
US,55,1821
US,9,666
US,76,4431
US,104,9260
US,9,205
US,14,704
US,15,725
US,31,882
US,11,375
US,26,1076
US,4464,358635
US,73,1941
US,66,2712
US,68,3168
US,15,490
US,845,91622
US,10,230
US,38,3567
US,16,459
US,49,1738
US,58,1736
US,426,22423
US,6,286
US,2791,142713
US,362,27840
US,79,5244
US,35,2385
US,120,4038
US,80,3398
US,15,373
US,30,1028
US,10,161
US,817,86304
US,27,1084
US,56,2490
US,59,3463
US,47,1760
US,547,56239
US,22,627
US,64,3107
US,3,142
US,19,568
US,63,3162
US,63,2984
US,387,13482
US,411,15523
US,79,4730
US,259,20470
US,168,6983
US,15,515
US,29,1096
US,24,1023
US,12,418
US,143,8798
US,7427,511277
US,128,7723
US,2,747
US,29,493
US,324,28686
US,3,623
US,236,7981
US,3150,109535
US,125,5331
US,117,3672
US,156,8324
US,126,4567
US,64,2492
US,108,5289
US,12,564
US,207,8929
US,74,2918
US,1,167
US,18,704
US,37,2349
US,113,3483
US,6,198
US,517,27397
US,17,799
US,133,6357
US,424,23631
US,61,2858
US,41,3362
US,318,20227
US,80,4341
US,2,56
US,3,115
US,106,5534
US,9,382
US,0,11
US,8,409
US,106,3897
US,19,282
US,30,1102
US,172,7232
US,86,2786
US,44,3135
US,81,2933
US,45,2682
US,50,2162
US,251,11076
US,91,3376
US,12,363
US,28,1459
US,60,2323
US,0,7
US,851,58885
US,25,720
US,35,2317
US,35,906
US,21,768
US,6,471
US,123,5402
US,376,12134
US,22,771
US,553,35596
US,5,103
US,131,6035
US,10,293
US,305,23080
US,63,3335
US,25,773
US,32,787
US,78,2546
US,744,75631
US,77,3155
US,42,1395
US,8,143
US,184,6478
US,153,7651
US,43,824
US,56,2012
US,1064,61645
US,29,1309
US,4,309
US,188,12220
US,91,3864
US,89,2543
US,230,19965
US,35,1442
US,38,1954
US,142,4989
US,493,20927
US,25,875
US,30,1125
US,312,20748
US,8,470
US,14,407
US,41,1094
US,46,3056
US,25,1059
US,1,79
US,52,2688
US,175,14718
US,48,1526
US,129,6796
US,54,810
US,32,735
US,43,2338
US,198,5834
US,24,866
US,7,321
US,68,2955
US,5,332
US,80,2511
US,12,273
US,549,28187
US,17,1286
US,315,10857
US,29,984
US,5,157
US,6,171
US,10,589
US,20,999
US,3934,310776
US,444,19315
US,3,88
US,59,1881
US,5,84
US,89,5016
US,317,22608
US,1185,107248
US,41,1326
US,53,2125
US,0,0
US,91,4934
US,11,470
US,82,5380
US,226,9778
US,154,6118
US,269,11905
US,148,10707
US,58,5488
US,25,1553
US,105,5131
US,841,53971
US,131,5334
US,12,660
US,409,18725
US,56,2043
US,100,4248
US,561,65584
US,95,6225
US,24,921
US,148,9393
US,159,4955
US,29,1049
US,51,2460
US,39,2051
US,48,2262
US,128,25493
US,82,11026
US,218,46109
US,1013,173214
US,39,2109
US,34,4508
US,315,34981
US,16,6182
US,52,9305
US,47,6082
US,0,1184
US,459,111371
US,25,5374
US,257,37148
US,8,1254
US,16,2404
US,8,1247
US,114,9147
US,2,328
US,40,2393
US,2,279
US,3,1021
US,3,955
US,13,1550
US,22,2676
US,0,21
US,17,2510
US,16,1691
US,18,1849
US,62,6071
US,57,3442
US,85,6732
US,142,12994
US,52,1637
US,38,1123
US,43,3634
US,29,1937
US,261,16872
US,90,7909
US,11,324
US,115,7963
US,10,849
US,39,3054
US,41,1912
US,27,1570
US,47,1892
US,34,2362
US,22,1015
US,116,5844
US,43,3272
US,81,3170
US,16,597
US,22,1046
US,58,4611
US,319,25197
US,472,33725
US,21,1104
US,62,2137
US,14,666
US,6,421
US,70,5411
US,10,605
US,155,5232
US,19,1200
US,46,2602
US,42,780
US,11,911
US,1140,84056
US,19,607
US,8,488
US,72,5807
US,23,1102
US,22,2196
US,84,4948
US,36,1316
US,107,9445
US,25,2547
US,53,1329
US,24,1615
US,53,3106
US,25,1720
US,40,1732
US,23,1635
US,26,1701
US,89,3242
US,193,12948
US,176,9941
US,96,7237
US,656,30243
US,130,5445
US,1,129
US,82,3212
US,74,3726
US,78,5802
US,21,2048
US,16,1542
US,7,506
US,19,917
US,48,2845
US,33,1346
US,285,30903
US,36,2454
US,18,905
US,158,8994
US,17,752
US,49,4580
US,11,1248
US,81,1807
US,14,757
US,71,2816
US,23,715
US,83,10375
US,14,1084
US,19,1858
US,252,17661
US,288,21357
US,38,942
US,21,968
US,8,384
US,56,2245
US,42,2793
US,61,2516
US,47,1704
US,93,4575
US,88,6633
US,18,1054
US,211,10819
US,18,2331
US,40,2463
US,33,4274
US,523,49744
US,72,3307
US,29,2572
US,2,461
US,12,1445
US,290,20670
US,152,9736
US,207,10074
US,49,1751
US,116,7838
US,42,2778
US,51,2654
US,65,2307
US,137,4982
US,97,3481
US,58,2136
US,129,12225
US,89,13700
US,72,2894
US,202,9471
US,9,524
US,23,1348
US,81,4519
US,0,0
US,450,43683
US,65,3826
US,118,6034
US,39,2767
US,29,1514
US,14,928
US,49,3302
US,111,3951
US,86,3469
US,61,4628
US,25,2684
US,37,2135
US,274,25798
US,85,8944
US,21,3144
US,349,33598
US,6,264
US,137,10231
US,26,4890
US,9,507
US,143,17142
US,7,174
US,108,12582
US,92,6140
US,36,2897
US,6,787
US,1768,139600
US,141,12731
US,41,4046
US,14,1341
US,93,7609
US,14,949
US,45,4110
US,47,3650
US,19,1426
US,10,1059
US,726,74671
US,0,266
US,88,8135
US,2,518
US,657,52888
US,770,58772
US,42,3363
US,158,15659
US,3,1630
US,5,212
US,79,7296
US,121,12995
US,55,4845
US,484,37006
US,35,2080
US,146,14938
US,37,2602
US,9,1364
US,62,2509
US,193,11120
US,1,639
US,11,813
US,7,801
US,93,4437
US,7,1048
US,29,1561
US,67,3682
US,37,2276
US,92,3150
US,25,1843
US,87,7488
US,64,2723
US,65,5478
US,378,18848
US,27,1921
US,29,1961
US,107,3998
US,60,5615
US,90,4219
US,41,2664
US,28,2040
US,132,6422
US,92,3447
US,46,3401
US,98,10560
US,19,1647
US,26,1508
US,29,2482
US,90,5021
US,12,890
US,13,1119
US,15,848
US,50,3420
US,104,6497
US,113,8681
US,24,3839
US,11,954
US,11,915
US,23,1040
US,26,1615
US,10,726
US,13,1010
US,0,0
US,42,2865
US,49,4021
US,11,781
US,34,1863
US,4,575
US,184,9710
US,43,2633
US,21,2250
US,15,1500
US,86,6618
US,22,1394
US,314,38666
US,7,1570
US,29,1728
US,57,7156
US,104,8682
US,67,4119
US,75,6462
US,21,1911
US,348,51381
US,204,13986
US,37,3100
US,66,5256
US,38,5738
US,127,13479
US,13,527
US,150,15084
US,28,1183
US,100,6110
US,26,3995
US,27,2323
US,14,2340
US,42,743
US,29,2939
US,140,10435
US,31,3623
US,343,20758
US,39,2936
US,96,14920
US,10,1802
US,51,2443
US,102,3576
US,99,9706
US,239,17761
US,77,5101
US,29,1763
US,11,855
US,1490,133457
US,52,5377
US,75,5672
US,83,4090
US,254,25999
US,111,10514
US,7,980
US,44,5356
US,69,5299
US,82,8164
US,8,1453
US,419,27974
US,19,1554
US,219,20047
US,26,1602
US,59,6951
US,29,2012
US,85,5750
US,174,16085
US,75,10727
US,41,2439
US,49,4092
US,0,0
US,49,2300
US,46,2574
US,174,13592
US,25,1724
US,209,18764
US,668,54571
US,172,6647
US,42,2803
US,232,23421
US,116,8657
US,23,5334
US,38,1431
US,71,6528
US,33,2169
US,25,1535
US,13,601
US,99,6462
US,25,1582
US,4,696
US,13,963
US,155,13472
US,14,1925
US,149,10504
US,3,231
US,41,3631
US,16,1023
US,35,3958
US,11,967
US,51,5929
US,11,4568
US,16,3086
US,0,0
US,27,1087
US,6,813
Uganda,3061,120714
Ukraine,1334,83209
Ukraine,1373,58843
Ukraine,1855,82649
Ukraine,2294,72863
Ukraine,4703,139488
Ukraine,2489,94359
Ukraine,2126,88267
Ukraine,3716,153235
Ukraine,1235,38388
Ukraine,1935,90807
Ukraine,5291,225999
Ukraine,2806,129970
Ukraine,875,21077
Ukraine,1015,28989
Ukraine,3733,140715
Ukraine,1889,71216
Ukraine,3089,145493
Ukraine,1888,79399
Ukraine,1224,80710
Ukraine,1044,28095
Ukraine,1360,79709
Ukraine,1231,71909
Ukraine,1732,72856
Ukraine,1207,62877
Ukraine,1614,62705
Ukraine,2500,107460
Ukraine,1834,90175
United Arab Emirates,2050,725192
United Kingdom,0,296
United Kingdom,35,3273
United Kingdom,37,2640
United Kingdom,2,715
United Kingdom,95,10921
United Kingdom,117176,6074040
United Kingdom,0,67
United Kingdom,97,5399
United Kingdom,38,6883
United Kingdom,1,31
United Kingdom,2424,210729
United Kingdom,0,4
United Kingdom,8181,475027
United Kingdom,20,2716
United Kingdom,0,0
United Kingdom,5702,296310
Uruguay,6037,385926
Uzbekistan,1125,161108
Vanuatu,1,4
Venezuela,4133,342148
Vietnam,13701,550996
West Bank and Gaza,3755,359236
Yemen,1534,8181
Zambia,3620,207294
Zimbabwe,4503,125796
